url,website,html,label
http://harmonyvips.com,harmonyvips.com,harmonyvips_com.html,0
http://cocobenlemariage.com,cocobenlemariage.com,cocobenlemariage_com.html,0
https://rrgoldsilchar.com,rrgoldsilchar.com,rrgoldsilchar_com.html,0
https://barbaybosque.com,barbaybosque.com,barbaybosque_com.html,0
https://toledocommercialpainting.net,toledocommercialpainting.net,toledocommercialpainting_net.html,0
http://lvomagasine.com,lvomagasine.com,lvomagasine_com.html,0
https://mobilepay-online-dk.bio,mobilepay-online-dk.bio,mobilepay-online-dk_bio.html,0
https://casa141arquitetura.com,casa141arquitetura.com,casa141arquitetura_com.html,0
http://heathbarkerbooks.com,heathbarkerbooks.com,heathbarkerbooks_com.html,0
http://bullheadventure.com,bullheadventure.com,bullheadventure_com.html,0
https://auguryresearch.com,auguryresearch.com,auguryresearch_com.html,0
http://mmazepr.com,mmazepr.com,mmazepr_com.html,0
http://amparoillescas.com,amparoillescas.com,amparoillescas_com.html,0
http://digitalproductsus.com,digitalproductsus.com,digitalproductsus_com.html,0
http://shefabhcapital.com,shefabhcapital.com,shefabhcapital_com.html,0
https://aiagents-rene.com,aiagents-rene.com,aiagents-rene_com.html,0
https://readytechnologles.com,readytechnologles.com,readytechnologles_com.html,0
http://goodneighbortransport.com,goodneighbortransport.com,goodneighbortransport_com.html,0
https://home-roofing-bfykcw.zone,home-roofing-bfykcw.zone,home-roofing-bfykcw_zone.html,0
https://bookedupbymollie.com,bookedupbymollie.com,bookedupbymollie_com.html,0
https://rasakraft.com,rasakraft.com,rasakraft_com.html,0
http://myteccomp.com,myteccomp.com,myteccomp_com.html,0
https://colemacollc.com,colemacollc.com,colemacollc_com.html,0
http://altridumpsterrentals.com,altridumpsterrentals.com,altridumpsterrentals_com.html,0
https://taxi4dac.cfd,taxi4dac.cfd,taxi4dac_cfd.html,0
https://maisondaroma.com,maisondaroma.com,maisondaroma_com.html,0
http://thefieldcounseling.com,thefieldcounseling.com,thefieldcounseling_com.html,0
https://saintlouishotelsguide.com,saintlouishotelsguide.com,saintlouishotelsguide_com.html,0
https://ug989.org,ug989.org,ug989_org.html,0
http://barrasparacortinas.com,barrasparacortinas.com,barrasparacortinas_com.html,0
http://ryzupscheduler.com,ryzupscheduler.com,ryzupscheduler_com.html,1
http://sommaschool.com,sommaschool.com,sommaschool_com.html,0
https://carolwambuiword.com,carolwambuiword.com,carolwambuiword_com.html,0
https://againdrop.com,againdrop.com,againdrop_com.html,0
https://myleatherluggageshop.com,myleatherluggageshop.com,myleatherluggageshop_com.html,0
https://josiescoffee.com,josiescoffee.com,josiescoffee_com.html,0
https://metafbbrowsersa-urltr.cfd,metafbbrowsersa-urltr.cfd,metafbbrowsersa-urltr_cfd.html,1
https://affectedsnowball.com,affectedsnowball.com,affectedsnowball_com.html,0
https://thesanctityfoundation.org,thesanctityfoundation.org,thesanctityfoundation_org.html,0
https://ralphyspizzarestaurantnj.com,ralphyspizzarestaurantnj.com,ralphyspizzarestaurantnj_com.html,0
https://swargg.com,swargg.com,swargg_com.html,0
https://bazll.com,bazll.com,bazll_com.html,0
https://kyiosk.com,kyiosk.com,kyiosk_com.html,0
https://fallenn.com,fallenn.com,fallenn_com.html,0
https://kryptoshift.world,kryptoshift.world,kryptoshift_world.html,0
http://marydonas.org,marydonas.org,marydonas_org.html,0
http://marydonas.net,marydonas.net,marydonas_net.html,0
https://kmddirect.com,kmddirect.com,kmddirect_com.html,0
http://karolinfrick.com,karolinfrick.com,karolinfrick_com.html,0
http://gabipet.store,gabipet.store,gabipet_store.html,0
https://behumorous.com,behumorous.com,behumorous_com.html,0
https://bizitech.store,bizitech.store,bizitech_store.html,0
https://live-chat25.com,live-chat25.com,live-chat25_com.html,0
https://jirehconstruction.org,jirehconstruction.org,jirehconstruction_org.html,0
https://rudysroofinginc.com,rudysroofinginc.com,rudysroofinginc_com.html,0
https://aimeemagee.com,aimeemagee.com,aimeemagee_com.html,0
https://4dewislot.org,4dewislot.org,4dewislot_org.html,0
https://rudys-roofing-inc.com,rudys-roofing-inc.com,rudys-roofing-inc_com.html,0
http://whiterhinomarketing.com,whiterhinomarketing.com,whiterhinomarketing_com.html,0
https://ashevillestarsball.com,ashevillestarsball.com,ashevillestarsball_com.html,0
https://advertisingmediaunlimited.com,advertisingmediaunlimited.com,advertisingmediaunlimited_com.html,0
https://churchtap.net,churchtap.net,churchtap_net.html,0
https://3atg88.org,3atg88.org,3atg88_org.html,0
http://nextlevel.coffee,nextlevel.coffee,nextlevel_coffee.html,0
https://chu-chi-juice.com,chu-chi-juice.com,chu-chi-juice_com.html,0
https://oliveiragoulart.com,oliveiragoulart.com,oliveiragoulart_com.html,0
https://upatire.store,upatire.store,upatire_store.html,0
https://mymodafoca.com,mymodafoca.com,mymodafoca_com.html,0
https://mxpics.com,mxpics.com,mxpics_com.html,0
https://expertislogconsulting.com,expertislogconsulting.com,expertislogconsulting_com.html,0
https://aquamastermarineservicesllc.com,aquamastermarineservicesllc.com,aquamastermarineservicesllc_com.html,0
https://sketchbookhub.store,sketchbookhub.store,sketchbookhub_store.html,0
https://rivo-group.com,rivo-group.com,rivo-group_com.html,0
https://forestwideshipping.com,forestwideshipping.com,forestwideshipping_com.html,0
https://ace-avl.com,ace-avl.com,ace-avl_com.html,0
https://a2hstudios.com,a2hstudios.com,a2hstudios_com.html,0
https://sazonpuertorico.com,sazonpuertorico.com,sazonpuertorico_com.html,0
https://richrockstore.com,richrockstore.com,richrockstore_com.html,0
https://dcvero.com,dcvero.com,dcvero_com.html,0
https://nextbridgeconsultants.com,nextbridgeconsultants.com,nextbridgeconsultants_com.html,0
https://arvprivatesecurity.com,arvprivatesecurity.com,arvprivatesecurity_com.html,0
https://purdentixnow.com,purdentixnow.com,purdentixnow_com.html,0
https://recipesby.com,recipesby.com,recipesby_com.html,0
https://zoomandwag.store,zoomandwag.store,zoomandwag_store.html,0
https://chflashnews.com,chflashnews.com,chflashnews_com.html,0
https://lacasalau.com,lacasalau.com,lacasalau_com.html,0
https://thefamilystew.com,thefamilystew.com,thefamilystew_com.html,0
http://readytogoonyourjourney.com,readytogoonyourjourney.com,readytogoonyourjourney_com.html,0
https://bloomsthreadmedia.com,bloomsthreadmedia.com,bloomsthreadmedia_com.html,0
https://asktoyoursupervisor.com,asktoyoursupervisor.com,asktoyoursupervisor_com.html,0
https://hustlerholics.store,hustlerholics.store,hustlerholics_store.html,0
https://charlieandjamesshoppe.com,charlieandjamesshoppe.com,charlieandjamesshoppe_com.html,0
https://bophouseuk.com,bophouseuk.com,bophouseuk_com.html,0
https://gymwrldfit.com,gymwrldfit.com,gymwrldfit_com.html,0
https://fakegrenades.org,fakegrenades.org,fakegrenades_org.html,0
https://themodafoca.com,themodafoca.com,themodafoca_com.html,0
http://apilike.com,apilike.com,apilike_com.html,0
https://showready.services,showready.services,showready_services.html,0
https://toadlyponds.com,toadlyponds.com,toadlyponds_com.html,0
https://toxxiq.com,toxxiq.com,toxxiq_com.html,0
https://gadget-worlds.com,gadget-worlds.com,gadget-worlds_com.html,0
https://ridecincy.com,ridecincy.com,ridecincy_com.html,0
https://uscisapplicationcenter.cloud,uscisapplicationcenter.cloud,uscisapplicationcenter_cloud.html,0
https://5sapu4d.org,5sapu4d.org,5sapu4d_org.html,0
https://clearmyaura.com,clearmyaura.com,clearmyaura_com.html,0
https://sy-sale.com,sy-sale.com,sy-sale_com.html,0
https://cardarro.com,cardarro.com,cardarro_com.html,0
https://waterconst.com,waterconst.com,waterconst_com.html,0
https://adi-graphics.com,adi-graphics.com,adi-graphics_com.html,0
https://dgprojx.com,dgprojx.com,dgprojx_com.html,0
https://mycontributions.org,mycontributions.org,mycontributions_org.html,0
https://leethompsonagency.com,leethompsonagency.com,leethompsonagency_com.html,0
https://peptides4pups.com,peptides4pups.com,peptides4pups_com.html,0
https://pelotacy.com,pelotacy.com,pelotacy_com.html,0
https://kimmboutique.com,kimmboutique.com,kimmboutique_com.html,0
https://intimalmen-official.com,intimalmen-official.com,intimalmen-official_com.html,0
https://forgeonmedia.com,forgeonmedia.com,forgeonmedia_com.html,0
https://nramos.cloud,nramos.cloud,nramos_cloud.html,0
https://monhommedesneiges.com,monhommedesneiges.com,monhommedesneiges_com.html,0
https://teslainvestment-stocks.org,teslainvestment-stocks.org,teslainvestment-stocks_org.html,1
https://metrotaximobility.com,metrotaximobility.com,metrotaximobility_com.html,0
https://shavoxshop.com,shavoxshop.com,shavoxshop_com.html,0
https://omnipolativetechnologies.com,omnipolativetechnologies.com,omnipolativetechnologies_com.html,0
https://seemetruckingcom.com,seemetruckingcom.com,seemetruckingcom_com.html,0
https://airitalian.com,airitalian.com,airitalian_com.html,0
https://redcanyonclothing.com,redcanyonclothing.com,redcanyonclothing_com.html,0
https://medaleads.com,medaleads.com,medaleads_com.html,0
https://glxtraders.com,glxtraders.com,glxtraders_com.html,0
https://watchgoldengirl.com,watchgoldengirl.com,watchgoldengirl_com.html,0
https://metalislands.com,metalislands.com,metalislands_com.html,0
https://trunorthlodge.com,trunorthlodge.com,trunorthlodge_com.html,0
https://bossreportcard.com,bossreportcard.com,bossreportcard_com.html,0
https://pahoehoecrust.com,pahoehoecrust.com,pahoehoecrust_com.html,0
https://mezclapandora.com,mezclapandora.com,mezclapandora_com.html,0
https://worldleader.app,worldleader.app,worldleader_app.html,0
https://microsignage.com,microsignage.com,microsignage_com.html,0
https://akcossi.com,akcossi.com,akcossi_com.html,0
https://natetelfordcoaching.com,natetelfordcoaching.com,natetelfordcoaching_com.html,0
https://neuromax.health,neuromax.health,neuromax_health.html,0
http://alliedpetrochemicals.com,alliedpetrochemicals.com,alliedpetrochemicals_com.html,0
http://meykj.com,meykj.com,meykj_com.html,0
https://gsmarttool.com,gsmarttool.com,gsmarttool_com.html,0
https://redskies80s.com,redskies80s.com,redskies80s_com.html,0
https://myfurbuds.com,myfurbuds.com,myfurbuds_com.html,0
https://gethighnote.com,gethighnote.com,gethighnote_com.html,0
https://ballingertreeservices.com,ballingertreeservices.com,ballingertreeservices_com.html,0
https://solucionesmigratoriassm.com,solucionesmigratoriassm.com,solucionesmigratoriassm_com.html,0
https://psychology-source.com,psychology-source.com,psychology-source_com.html,0
https://cedilha.bar,cedilha.bar,cedilha_bar.html,0
https://hermangutan.com,hermangutan.com,hermangutan_com.html,0
https://infoeddietruelove.com,infoeddietruelove.com,infoeddietruelove_com.html,0
https://moonlashesthetics.com,moonlashesthetics.com,moonlashesthetics_com.html,0
https://fpiq.org,fpiq.org,fpiq_org.html,0
https://anytymebaskets.com,anytymebaskets.com,anytymebaskets_com.html,0
https://wellnesslabpro.com,wellnesslabpro.com,wellnesslabpro_com.html,0
https://shopskyblue.com,shopskyblue.com,shopskyblue_com.html,0
https://100daisyfarmsdrive.com,100daisyfarmsdrive.com,100daisyfarmsdrive_com.html,0
https://vampbuildingmaintenancecom.com,vampbuildingmaintenancecom.com,vampbuildingmaintenancecom_com.html,0
https://thecirclenetworkcom.org,thecirclenetworkcom.org,thecirclenetworkcom_org.html,0
https://classicsalesdesk.com,classicsalesdesk.com,classicsalesdesk_com.html,0
https://atendimentoaymore.com,atendimentoaymore.com,atendimentoaymore_com.html,0
https://goodwaits.com,goodwaits.com,goodwaits_com.html,0
https://imperpoxgdl.com,imperpoxgdl.com,imperpoxgdl_com.html,0
https://shopversetoday.com,shopversetoday.com,shopversetoday_com.html,0
https://urius-seguridad.com,urius-seguridad.com,urius-seguridad_com.html,0
https://tgbjm.space,tgbjm.space,tgbjm_space.html,0
https://schoolneurofeedback.com,schoolneurofeedback.com,schoolneurofeedback_com.html,0
http://plrmembers.com,plrmembers.com,plrmembers_com.html,0
https://atalalawpllc.com,atalalawpllc.com,atalalawpllc_com.html,0
https://millietaylor.com,millietaylor.com,millietaylor_com.html,0
https://pressmuseum.org,pressmuseum.org,pressmuseum_org.html,0
https://juridicomontalvo.com,juridicomontalvo.com,juridicomontalvo_com.html,0
https://andreiasampaio.com,andreiasampaio.com,andreiasampaio_com.html,0
https://flexerwave.com,flexerwave.com,flexerwave_com.html,0
https://keystonesgps.com,keystonesgps.com,keystonesgps_com.html,0
https://aldeacayaco.com,aldeacayaco.com,aldeacayaco_com.html,0
https://serneutro.com,serneutro.com,serneutro_com.html,0
https://macbasketballnetwork.com,macbasketballnetwork.com,macbasketballnetwork_com.html,0
https://miisto.com,miisto.com,miisto_com.html,0
https://mnmhome.loan,mnmhome.loan,mnmhome_loan.html,0
https://csoconstructiongroup.com,csoconstructiongroup.com,csoconstructiongroup_com.html,0
https://steepchill.com,steepchill.com,steepchill_com.html,0
https://withpianostudio.com,withpianostudio.com,withpianostudio_com.html,0
http://parisbanhmilincoln.com,parisbanhmilincoln.com,parisbanhmilincoln_com.html,0
http://bayouninja.com,bayouninja.com,bayouninja_com.html,0
https://sportpers.com,sportpers.com,sportpers_com.html,0
https://egefirat.com,egefirat.com,egefirat_com.html,0
https://aspentrailcapital.com,aspentrailcapital.com,aspentrailcapital_com.html,0
https://shopskyblue.net,shopskyblue.net,shopskyblue_net.html,0
https://drjackson.dev,drjackson.dev,drjackson_dev.html,0
https://aiportl.com,aiportl.com,aiportl_com.html,0
https://mainstationhotel.com,mainstationhotel.com,mainstationhotel_com.html,0
https://thehotboxservebeer.com,thehotboxservebeer.com,thehotboxservebeer_com.html,0
https://chuchi-juice.com,chuchi-juice.com,chuchi-juice_com.html,0
https://chanaruchy.com,chanaruchy.com,chanaruchy_com.html,0
https://midlandregion.com,midlandregion.com,midlandregion_com.html,0
https://eatpicazo.com,eatpicazo.com,eatpicazo_com.html,0
https://misstheaproducts.com,misstheaproducts.com,misstheaproducts_com.html,0
https://jatfarms.com,jatfarms.com,jatfarms_com.html,0
https://4boboslot.org,4boboslot.org,4boboslot_org.html,0
https://amandinedhuij.com,amandinedhuij.com,amandinedhuij_com.html,0
https://eminentlocal.com,eminentlocal.com,eminentlocal_com.html,0
https://3971.org,3971.org,3971_org.html,0
https://betflik168.art,betflik168.art,betflik168_art.html,0
http://6031redcloverlane.com,6031redcloverlane.com,6031redcloverlane_com.html,0
https://redbaron.click,redbaron.click,redbaron_click.html,0
https://3797.org,3797.org,3797_org.html,0
https://carriecoxwell.com,carriecoxwell.com,carriecoxwell_com.html,0
https://payment-accountresolutionteam.com,payment-accountresolutionteam.com,payment-accountresolutionteam_com.html,0
https://demionline.com,demionline.com,demionline_com.html,0
https://course2day.com,course2day.com,course2day_com.html,0
http://souss24.net,souss24.net,souss24_net.html,0
https://jwtravelco.com,jwtravelco.com,jwtravelco_com.html,0
https://closer5d.com,closer5d.com,closer5d_com.html,0
https://njpurehome.com,njpurehome.com,njpurehome_com.html,0
https://timoconnorfranchise.com,timoconnorfranchise.com,timoconnorfranchise_com.html,0
https://growstore.pro,growstore.pro,growstore_pro.html,0
https://gvxi6.gay,gvxi6.gay,gvxi6_gay.html,0
https://vicscale.com,vicscale.com,vicscale_com.html,0
https://theprodigygrouptx.com,theprodigygrouptx.com,theprodigygrouptx_com.html,0
https://ike-steplog.com,ike-steplog.com,ike-steplog_com.html,0
https://hkma-gov.com,hkma-gov.com,hkma-gov_com.html,0
https://lydiatherapeuticmassage.com,lydiatherapeuticmassage.com,lydiatherapeuticmassage_com.html,0
https://buradanalsakinkacirma.sbs,buradanalsakinkacirma.sbs,buradanalsakinkacirma_sbs.html,1
https://leopoldinastudio.com,leopoldinastudio.com,leopoldinastudio_com.html,0
http://rasberryandassociates.com,rasberryandassociates.com,rasberryandassociates_com.html,0
https://refinedworkspaces.com,refinedworkspaces.com,refinedworkspaces_com.html,0
https://twin-boropestcontrol.com,twin-boropestcontrol.com,twin-boropestcontrol_com.html,0
https://iapmontepio.com,iapmontepio.com,iapmontepio_com.html,0
https://coccinelleexport.com,coccinelleexport.com,coccinelleexport_com.html,0
https://orchidstore.net,orchidstore.net,orchidstore_net.html,0
https://kamikumiho.org,kamikumiho.org,kamikumiho_org.html,0
https://themidlifedatingfiles.com,themidlifedatingfiles.com,themidlifedatingfiles_com.html,0
https://signalandstory.org,signalandstory.org,signalandstory_org.html,0
https://tetxspz880.vip,tetxspz880.vip,tetxspz880_vip.html,1
http://steady.training,steady.training,steady_training.html,0
https://globalhome.icu,globalhome.icu,globalhome_icu.html,0
https://fityounglife.com,fityounglife.com,fityounglife_com.html,0
https://anitaglaster.com,anitaglaster.com,anitaglaster_com.html,0
https://hawktacticaltraining.com,hawktacticaltraining.com,hawktacticaltraining_com.html,0
https://stuffbydanger.com,stuffbydanger.com,stuffbydanger_com.html,0
http://rileygt.com,rileygt.com,rileygt_com.html,0
https://cyberjob.club,cyberjob.club,cyberjob_club.html,0
https://detrendynews.com,detrendynews.com,detrendynews_com.html,0
https://flatironinn.com,flatironinn.com,flatironinn_com.html,0
https://baie-london.store,baie-london.store,baie-london_store.html,0
http://dailyfreshmanna.com,dailyfreshmanna.com,dailyfreshmanna_com.html,0
https://davidcraddockbooks.com,davidcraddockbooks.com,davidcraddockbooks_com.html,0
https://advance-doors.com,advance-doors.com,advance-doors_com.html,0
https://thicklimb.com,thicklimb.com,thicklimb_com.html,0
https://wwwblu.com,wwwblu.com,wwwblu_com.html,0
https://classetmanagement.com,classetmanagement.com,classetmanagement_com.html,0
http://sharpticket.com,sharpticket.com,sharpticket_com.html,0
https://cordeliamarinesupply.com,cordeliamarinesupply.com,cordeliamarinesupply_com.html,0
http://clevera.space,clevera.space,clevera_space.html,0
https://rdhrealtyteam.com,rdhrealtyteam.com,rdhrealtyteam_com.html,0
https://mtwomaintenancel.com,mtwomaintenancel.com,mtwomaintenancel_com.html,0
https://elianacogley.net,elianacogley.net,elianacogley_net.html,0
https://donricoantojeria.com,donricoantojeria.com,donricoantojeria_com.html,0
https://blublushop.com,blublushop.com,blublushop_com.html,0
http://rockysexpress.services,rockysexpress.services,rockysexpress_services.html,0
https://flashandsoforth.com,flashandsoforth.com,flashandsoforth_com.html,0
https://silask.ing,silask.ing,silask_ing.html,0
https://lummeskin.com,lummeskin.com,lummeskin_com.html,0
http://fitandwellcsra.com,fitandwellcsra.com,fitandwellcsra_com.html,0
https://journeythroughjapan.org,journeythroughjapan.org,journeythroughjapan_org.html,0
https://artistsfusion.com,artistsfusion.com,artistsfusion_com.html,0
https://luckybet01.com,luckybet01.com,luckybet01_com.html,0
https://kitchentablecandles.com,kitchentablecandles.com,kitchentablecandles_com.html,0
http://scam-help.net,scam-help.net,scam-help_net.html,0
http://monat.business,monat.business,monat_business.html,0
https://vivorarecovery-de.com,vivorarecovery-de.com,vivorarecovery-de_com.html,1
https://thegoldenimpex.com,thegoldenimpex.com,thegoldenimpex_com.html,0
https://top25trendingproducts.com,top25trendingproducts.com,top25trendingproducts_com.html,0
http://witsendapothecary.com,witsendapothecary.com,witsendapothecary_com.html,0
https://mywallpark.com,mywallpark.com,mywallpark_com.html,0
https://lonestartoken.com,lonestartoken.com,lonestartoken_com.html,0
http://vybbr.life,vybbr.life,vybbr_life.html,0
https://propeciacost.store,propeciacost.store,propeciacost_store.html,0
https://fongindustries.com,fongindustries.com,fongindustries_com.html,0
https://139ent.com,139ent.com,139ent_com.html,0
https://elianajane.net,elianajane.net,elianajane_net.html,0
https://qcdls.cfd,qcdls.cfd,qcdls_cfd.html,0
http://connectjonesandcofinance.com,connectjonesandcofinance.com,connectjonesandcofinance_com.html,0
https://falconscare.com,falconscare.com,falconscare_com.html,0
http://mindsheath.com,mindsheath.com,mindsheath_com.html,0
https://thegilded-table.com,thegilded-table.com,thegilded-table_com.html,0
http://voteridtopfunders.com,voteridtopfunders.com,voteridtopfunders_com.html,0
https://rudolphmichaillebowers.com,rudolphmichaillebowers.com,rudolphmichaillebowers_com.html,0
https://tgglobalconsulting.com,tgglobalconsulting.com,tgglobalconsulting_com.html,0
https://imoveisjose.com,imoveisjose.com,imoveisjose_com.html,0
https://ygcapebuilders.com,ygcapebuilders.com,ygcapebuilders_com.html,0
https://kuwaitoasisplatinum.com,kuwaitoasisplatinum.com,kuwaitoasisplatinum_com.html,0
https://growwithfunk.com,growwithfunk.com,growwithfunk_com.html,0
https://lunarahoa.com,lunarahoa.com,lunarahoa_com.html,0
https://novatiera.com,novatiera.com,novatiera_com.html,0
https://ignitewill.com,ignitewill.com,ignitewill_com.html,0
http://chicstil.com,chicstil.com,chicstil_com.html,0
